{
    "fov":6.28318 ,
  "max_range": 337, 
  "min_range": 1, 
  "noise": 0.01, 
  "num_beams": 360, 
  "num_bins": 8192, 
  "psf": [
      [
          0.82293,
          0.81657,
          0.81013,
          0.80359,
          0.79698,
          0.79028,
          0.7835,
          0.77664,
          0.76971,
          0.7627,
          0.75562,
          0.74847,
          0.74125,
          0.73396,
          0.72661,
          0.7192,
          0.71172,
          0.70419,
          0.69661,
          0.68897,
          0.68128,
          0.67354,
          0.66575,
          0.65792,
          0.65004,
          0.64212,
          0.63417,
          0.62618,
          0.61815,
          0.61009,
          0.602,
          0.59388,
          0.58573,
          0.57756,
          0.56937,
          0.56115,
          0.55292,
          0.54467,
          0.53641,
          0.52813,
          0.51984,
          0.51155,
          0.50324,
          0.49494,
          0.48663,
          0.47832,
          0.47001,
          0.4617,
          0.4534,
          0.44511,
          0.43683,
          0.42856,
          0.4203,
          0.41206,
          0.40384,
          0.39564,
          0.38746,
          0.37931,
          0.37118,
          0.36309,
          0.35502,
          0.34699,
          0.339,
          0.33104,
          0.32312,
          0.31525,
          0.30742,
          0.29964,
          0.29192,
          0.28424,
          0.27662,
          0.26905,
          0.26154,
          0.2541,
          0.24672,
          0.2394,
          0.23216,
          0.22498,
          0.21787,
          0.21084,
          0.20389,
          0.19701,
          0.19022,
          0.1835,
          0.17687,
          0.17033,
          0.16388,
          0.15751,
          0.15124,
          0.14506,
          0.13897,
          0.13299,
          0.1271,
          0.12131,
          0.11562,
          0.11004,
          0.10457,
          0.0992,
          0.093943,
          0.088798,
          0.083767,
          0.078852,
          0.074056,
          0.069381,
          0.064828,
          0.060401,
          0.056102,
          0.051934,
          0.0479,
          0.044002,
          0.040244,
          0.036629,
          0.033159,
          0.029839,
          0.026672,
          0.023662,
          0.020812,
          0.018126,
          0.015608,
          0.013262,
          0.011093,
          0.0091036,
          0.0072989,
          0.0056829,
          0.0042598,
          0.0030338,
          0.0020088,
          0.0011891,
          0.0005785,
          0.0001809,
          0,
          3.933e-05,
          0.00030223,
          0.00079182,
          0.001511,
          0.0024623,
          0.0036481,
          0.0050703,
          0.0067307,
          0.0086304,
          0.01077,
          0.013151,
          0.015773,
          0.018635,
          0.021738,
          0.025078,
          0.028656,
          0.032469,
          0.036514,
          0.040788,
          0.045289,
          0.050012,
          0.054953,
          0.060107,
          0.065471,
          0.071037,
          0.076801,
          0.082757,
          0.088898,
          0.095218,
          0.10171,
          0.10837,
          0.11519,
          0.12215,
          0.12927,
          0.13652,
          0.14389,
          0.1514,
          0.15901,
          0.16673,
          0.17456,
          0.18247,
          0.19048,
          0.19856,
          0.20671,
          0.21493,
          0.22321,
          0.23155,
          0.23993,
          0.24835,
          0.25681,
          0.2653,
          0.27381,
          0.28235,
          0.2909,
          0.29947,
          0.30804,
          0.31662,
          0.3252,
          0.33378,
          0.34235,
          0.35092,
          0.35948,
          0.36802,
          0.37655,
          0.38507,
          0.39356,
          0.40204,
          0.4105,
          0.41893,
          0.42734,
          0.43573,
          0.4441,
          0.45244,
          0.46075,
          0.46904,
          0.4773,
          0.48553,
          0.49374,
          0.50192,
          0.51008,
          0.5182,
          0.5263,
          0.53437,
          0.54241,
          0.55042,
          0.55841,
          0.56636,
          0.57429,
          0.58219,
          0.59005,
          0.59789,
          0.60569,
          0.61346,
          0.6212,
          0.6289,
          0.63657,
          0.64421,
          0.65181,
          0.65937,
          0.66689,
          0.67437,
          0.68181,
          0.68921,
          0.69657,
          0.70388,
          0.71114,
          0.71835,
          0.72551,
          0.73262,
          0.73968,
          0.74668,
          0.75362,
          0.76051,
          0.76733,
          0.77409,
          0.78078,
          0.78741,
          0.79396,
          0.80045,
          0.80686,
          0.8132,
          0.81946,
          0.82564,
          0.83174,
          0.83775,
          0.84369,
          0.84953,
          0.85529,
          0.86095,
          0.86652,
          0.872,
          0.87738,
          0.88267,
          0.88785,
          0.89294,
          0.89792,
          0.9028,
          0.90757,
          0.91223,
          0.91679,
          0.92123,
          0.92557,
          0.92979,
          0.9339,
          0.93789,
          0.94176,
          0.94552,
          0.94916,
          0.95268,
          0.95608,
          0.95936,
          0.96252,
          0.96555,
          0.96846,
          0.97125,
          0.97391,
          0.97644,
          0.97885,
          0.98113,
          0.98328,
          0.9853,
          0.98719,
          0.98896,
          0.9906,
          0.9921,
          0.99348,
          0.99472,
          0.99583,
          0.99681,
          0.99767,
          0.99838,
          0.99897,
          0.99943,
          0.99975,
          0.99994,
          1,
          0.99993,
          0.99972,
          0.99939,
          0.99892,
          0.99832,
          0.99758,
          0.99672,
          0.99572,
          0.9946,
          0.99334,
          0.99195,
          0.99043,
          0.98878,
          0.987,
          0.98509,
          0.98305,
          0.98089,
          0.97859,
          0.97617,
          0.97361,
          0.97094,
          0.96813,
          0.9652,
          0.96214,
          0.95896,
          0.95566,
          0.95223,
          0.94868,
          0.94501,
          0.94121,
          0.9373,
          0.93326,
          0.92911,
          0.92484,
          0.92045,
          0.91595,
          0.91133,
          0.9066,
          0.90176,
          0.89681,
          0.89175,
          0.88657,
          0.88129,
          0.87591,
          0.87042,
          0.86483,
          0.85913,
          0.85334,
          0.84745,
          0.84146,
          0.83538,
          0.8292,
          0.82293
          ]
    ]
}
