{
  "fov": 0.5026548245743669,
  "max_range": 11.25,
  "min_range": 2.25,
  "noise": 0.002,
  "num_beams": 96,
  "num_bins": 512,
  "rx_gain":20.0,
  "psf": [
      0.061855670103092786,
      0.0, 
      0.0, 
      0.0, 
      0.0, 
      0.0, 
      0.0, 
      0.0, 
      0.061855670103092786, 
      0.0, 
      0.0, 
      0.0, 
      0.0, 
      0.0, 
      0.0, 
      0.0, 
      0.061855670103092786, 
      0.0, 
      0.0, 
      0.0, 
      0.0, 
      0.0, 
      0.0, 
      0.0, 
      0.06958762886597938, 
      0.0, 
      0.0, 
      0.0, 
      0.0, 
      0.0, 
      0.0, 
      0.0, 
      0.08247422680412371, 
      0.0, 
      0.0, 
      0.0, 
      0.0, 
      0.0, 
      0.0, 
      0.0, 
      0.10309278350515463, 
      0.0, 
      0.0, 
      0.0, 
      0.0, 
      0.0, 
      0.0, 
      0.0, 
      0.18041237113402062, 
      0.0, 
      0.0, 
      0.0, 
      0.0, 
      0.0, 
      0.0, 
      0.0, 
      0.10309278350515463, 
      0.0, 
      0.0, 
      0.0, 
      0.0, 
      0.0, 
      0.0, 
      0.0, 
      0.08247422680412371, 
      0.0, 
      0.0, 
      0.0, 
      0.0, 
      0.0, 
      0.0, 
      0.0, 
      0.06958762886597938, 
      0.0, 
      0.0, 
      0.0, 
      0.0, 
      0.0, 
      0.0, 
      0.0, 
      0.061855670103092786, 
      0.0, 
      0.0, 
      0.0, 
      0.0, 
      0.0, 
      0.0, 
      0.0, 
      0.061855670103092786, 
      0.0, 
      0.0, 
      0.0, 
      0.0, 
      0.0, 
      0.0, 
      0.0
  ], 
  "azimuths": [
    -0.2568723503315568, 
    -0.2527316612801798, 
    -0.2486462328452628, 
    -0.24460330137233283, 
    -0.24059081522935433, 
    -0.23659742002760556, 
    -0.23261244384255517, 
    -0.22862588243473875, 
    -0.22462838447063532, 
    -0.22061123674354388, 
    -0.21656634939445996, 
    -0.21248624113295198, 
    -0.208364024458038, 
    -0.20419339087906216, 
    -0.1999685961365711, 
    -0.1956844454231906, 
    -0.19133627860450214, 
    -0.18691995543991924, 
    -0.1824318408035642, 
    -0.1778687899051445, 
    -0.17322813351082927, 
    -0.16850766316412602, 
    -0.16370561640675696, 
    -0.1588206619995356, 
    -0.15385188514324327, 
    -0.14879877269950567, 
    -0.1436611984116694, 
    -0.13843940812567837, 
    -0.1331340050109505, 
    -0.12774593478125407, 
    -0.12227647091558438, 
    -0.1167271998790402, 
    -0.11110000634370037, 
    -0.10539705840950014, 
    -0.09962079282510794, 
    -0.09377390020880172, 
    -0.08785931026934554, 
    -0.0818801770268662, 
    -0.07583986403372953, 
    -0.06974192959541703, 
    -0.06359011199140249, 
    -0.057388314696028425, 
    -0.05114059159938253, 
    -0.044851132228174356, 
    -0.038524246966611636, 
    -0.032164352277277125, 
    -0.025775955922004684, 
    -0.019363642182756213, 
    -0.012932057082497977, 
    -0.006485893606077042, 
    -2.9876921098181963e-05, 
    0.006431250401200184, 
    0.012892743165068887, 
    0.019349868329371966, 
    0.025797919786709755, 
    0.03223223314254253, 
    0.038648200494314056, 
    0.045041285210575044, 
    0.051407036710106435, 
    0.057741105241043034, 
    0.0640392566599971, 
    0.0702973872111814, 
    0.07651153830553353, 
    0.08267791129983809, 
    0.08879288227585164, 
    0.09485301681942471, 
    0.10085508479962668, 
    0.1067960751478681, 
    0.11267321063702496, 
    0.11848396266056171, 
    0.12422606601165492, 
    0.1298975336623167, 
    0.13549667154251804, 
    0.1410220933193128, 
    0.14647273517596066, 
    0.15184787059105054, 
    0.15714712511762446, 
    0.16237049116230118, 
    0.16751834276439875, 
    0.17259145037505919, 
    0.17759099563637065, 
    0.1825185861604925, 
    0.18737627030877702, 
    0.19216655197089438, 
    0.19689240534395525, 
    0.2015572897116345, 
    0.20616516422329484, 
    0.21072050267311015, 
    0.2152283082791887, 
    0.21969412846269692, 
    0.22412406962698372, 
    0.2285248119367015, 
    0.23290362409693288, 
    0.237268378132311, 
    0.2416275641661461, 
    0.2459903051995455
  ],
  "taper": [
    0.26174413, 
    0.25577315, 
    0.26399879, 
    0.28787933, 
    0.29545828, 
    0.29054691, 
    0.31506358, 
    0.31670595, 
    0.27838829, 
    0.27740946, 
    0.31381202, 
    0.34471729, 
    0.29504131, 
    0.30120893, 
    0.35612588, 
    0.39107684, 
    0.47706575, 
    0.50165683, 
    0.64432888, 
    0.70103061, 
    0.52937032, 
    0.55136364, 
    0.69209224, 
    0.77736692, 
    0.57242255, 
    0.57178564, 
    0.56410725, 
    0.60761842, 
    0.61531377, 
    0.63170835, 
    0.6202898, 
    0.65340297, 
    0.81404225, 
    0.80500209, 
    0.75957603, 
    0.7744332, 
    0.79802742, 
    0.82697358, 
    0.81318299, 
    0.81549321, 
    0.98650338, 
    0.98515214, 
    1.0, 
    0.92161883, 
    0.95219957, 
    0.9486457, 
    0.92306306, 
    0.92623384, 
    0.74438512, 
    0.6791569, 
    0.71338905, 
    0.70997648, 
    0.67387443, 
    0.64784864, 
    0.70079313, 
    0.67144433, 
    0.69643358, 
    0.64901154, 
    0.66355446, 
    0.65517472, 
    0.60723509, 
    0.57099174, 
    0.58697568, 
    0.57716755, 
    0.62179199, 
    0.6931046, 
    0.59655172, 
    0.55023343, 
    0.55222214, 
    0.64333634, 
    0.50505878, 
    0.49756367, 
    0.35810406, 
    0.28170624, 
    0.27443756, 
    0.26976372, 
    0.30246052, 
    0.26190517, 
    0.25956125, 
    0.24402396, 
    0.39571295, 
    0.33593748, 
    0.29985128, 
    0.28878787, 
    0.35699741, 
    0.32451002, 
    0.30253196, 
    0.29751537, 
    0.45272253, 
    0.84490823, 
    0.63640188, 
    0.37953532, 
    0.44888972, 
    0.88877887, 
    0.39194865, 
    0.39927133
  ]
}
