{
  "fov": 0.5026548245743669, 
  "max_range": 11.25, 
  "min_range": 2.25, 
  "noise": 0.01, 
  "num_beams": 96, 
  "num_bins": 512, 
  "rx_gain":20.0,
  "psf": [
      0.061855670103092786, 
      0.0, 
      0.0, 
      0.0, 
      0.0, 
      0.0, 
      0.0, 
      0.0, 
      0.061855670103092786, 
      0.0, 
      0.0, 
      0.0, 
      0.0, 
      0.0, 
      0.0, 
      0.0, 
      0.061855670103092786, 
      0.0, 
      0.0, 
      0.0, 
      0.0, 
      0.0, 
      0.0, 
      0.0, 
      0.06958762886597938, 
      0.0, 
      0.0, 
      0.0, 
      0.0, 
      0.0, 
      0.0, 
      0.0, 
      0.08247422680412371, 
      0.0, 
      0.0, 
      0.0, 
      0.0, 
      0.0, 
      0.0, 
      0.0, 
      0.10309278350515463, 
      0.0, 
      0.0, 
      0.0, 
      0.0, 
      0.0, 
      0.0, 
      0.0, 
      0.18041237113402062, 
      0.0, 
      0.0, 
      0.0, 
      0.0, 
      0.0, 
      0.0, 
      0.0, 
      0.10309278350515463, 
      0.0, 
      0.0, 
      0.0, 
      0.0, 
      0.0, 
      0.0, 
      0.0, 
      0.08247422680412371, 
      0.0, 
      0.0, 
      0.0, 
      0.0, 
      0.0, 
      0.0, 
      0.0, 
      0.06958762886597938, 
      0.0, 
      0.0, 
      0.0, 
      0.0, 
      0.0, 
      0.0, 
      0.0, 
      0.061855670103092786, 
      0.0, 
      0.0, 
      0.0, 
      0.0, 
      0.0, 
      0.0, 
      0.0, 
      0.061855670103092786, 
      0.0, 
      0.0, 
      0.0, 
      0.0, 
      0.0, 
      0.0, 
      0.0
  ], 
  "taper": [
    0.26174413, 
    0.25577315, 
    0.26399879, 
    0.28787933, 
    0.29545828, 
    0.29054691, 
    0.31506358, 
    0.31670595, 
    0.27838829, 
    0.27740946, 
    0.31381202, 
    0.34471729, 
    0.29504131, 
    0.30120893, 
    0.35612588, 
    0.39107684, 
    0.47706575, 
    0.50165683, 
    0.64432888, 
    0.70103061, 
    0.52937032, 
    0.55136364, 
    0.69209224, 
    0.77736692, 
    0.57242255, 
    0.57178564, 
    0.56410725, 
    0.60761842, 
    0.61531377, 
    0.63170835, 
    0.6202898, 
    0.65340297, 
    0.81404225, 
    0.80500209, 
    0.75957603, 
    0.7744332, 
    0.79802742, 
    0.82697358, 
    0.81318299, 
    0.81549321, 
    0.98650338, 
    0.98515214, 
    1.0, 
    0.92161883, 
    0.95219957, 
    0.9486457, 
    0.92306306, 
    0.92623384, 
    0.74438512, 
    0.6791569, 
    0.71338905, 
    0.70997648, 
    0.67387443, 
    0.64784864, 
    0.70079313, 
    0.67144433, 
    0.69643358, 
    0.64901154, 
    0.66355446, 
    0.65517472, 
    0.60723509, 
    0.57099174, 
    0.58697568, 
    0.57716755, 
    0.62179199, 
    0.6931046, 
    0.59655172, 
    0.55023343, 
    0.55222214, 
    0.64333634, 
    0.50505878, 
    0.49756367, 
    0.35810406, 
    0.28170624, 
    0.27443756, 
    0.26976372, 
    0.30246052, 
    0.26190517, 
    0.25956125, 
    0.24402396, 
    0.39571295, 
    0.33593748, 
    0.29985128, 
    0.28878787, 
    0.35699741, 
    0.32451002, 
    0.30253196, 
    0.29751537, 
    0.45272253, 
    0.84490823, 
    0.63640188, 
    0.37953532, 
    0.44888972, 
    0.88877887, 
    0.39194865, 
    0.39927133
  ]
}
